ROOM,NBR0,NBR1,NBR2,NBR3,NBR4,NBR5,NBR6,NBR7,NBR8,NBR9,NBR10,NBR11,NBR12,NBR13
srt,sce,,,,,,,,,,,,,
sce,scn,srv,sru,srt,mce,,,,,,,,,
sru,sce,,,,,,,,,,,,,
srv,sce,,,,,,,,,,,,,
scc,srq,srr,srm,srp,scn,sro,srs,srn,mce,,,,,
srq,scc,,,,,,,,,,,,,
srr,scc,,,,,,,,,,,,,
srs,scc,,,,,,,,,,,,,
srm,scc,,,,,,,,,,,,,
srn,scc,,,,,,,,,,,,,
sro,scc,,,,,,,,,,,,,
srp,scc,,,,,,,,,,,,,
scw,sra,sri,sre,srk,scn,srj,srg,src,srl,mce,,,,
sri,scw,,,,,,,,,,,,,
srj,scw,,,,,,,,,,,,,
srk,scw,,,,,,,,,,,,,
srl,scw,,,,,,,,,,,,,
sra,srb,scw,,,,,,,,,,,,
src,scw,srd,,,,,,,,,,,,
sre,srf,scw,,,,,,,,,,,,
srg,srh,scw,,,,,,,,,,,,
srb,sra,,,,,,,,,,,,,
srd,src,,,,,,,,,,,,,
srf,sre,,,,,,,,,,,,,
srh,srg,,,,,,,,,,,,,
el,sdc,br,llc,mcw,ew,mce,,,,,,,,
sdc,el,mce,,,,,,,,,,,,
br,ca,el,,,,,,,,,,,,
ca,o101,br,ds,mcw,o100,,,,,,,,,
o101,ca,,,,,,,,,,,,,
o100,ca,,,,,,,,,,,,,
ds,ca,,,,,,,,,,,,,
buf,kit,llc,,,,,,,,,,,,
kit,buf,,,,,,,,,,,,,
llc,buf,llcn,el,,,,,,,,,,,
r103,llcn,cce,,,,,,,,,,,,
llcn,r103,scn,llc,,,,,,,,,,,
cce,ccn,cf,r102,r110,r103,r108,r109,r106,rrc,r107,mcw,r104,r105,crc
r109,cce,,,,,,,,,,,,,
r108,cce,,,,,,,,,,,,,
r107,cce,,,,,,,,,,,,,
r106,cce,,,,,,,,,,,,,
r105,cce,,,,,,,,,,,,,
r104,cce,,,,,,,,,,,,,
cf,ccw,cce,,,,,,,,,,,,
ccw,ccn,cf,oba,crc,rrc,mcw,kco,jc,lib,,,,,
r102,cce,,,,,,,,,,,,,
ccn,hcr,ccw,r101,cce,,,,,,,,,,
r101,ccn,,,,,,,,,,,,,
crc,mkcr,hcr,acr,cce,ccw,,,,,,,,,
mkcr,crc,,,,,,,,,,,,,
acr,crc,,,,,,,,,,,,,
jc,ccw,mb,,,,,,,,,,,,
so,mcw,,,,,,,,,,,,,
mcw,ca,el,cce,ccw,so,,,,,,,,,
oba,ccw,,,,,,,,,,,,,
lib,ccw,,,,,,,,,,,,,
kco,ccw,tkt,,,,,,,,,,,,
tkt,kco,,,,,,,,,,,,,
ew,el,sga,,,,,,,,,,,,
rrc,wb,ccw,mb,cce,,,,,,,,,,
wb,rrc,,,,,,,,,,,,,
mb,jc,rrc,,,,,,,,,,,,
hcr,ccn,crc,,,,,,,,,,,,
mce,sdc,sce,el,scw,scc,,,,,,,,,
r110,cce,,,,,,,,,,,,,
scn,scc,llcn,sce,scw,,,,,,,,,,
sga,ew,,,,,,,,,,,,,
